date,region,product,sales,price,promotion_flag,store_id,channel,holiday_flag,inventory
01-01-2025,India,SKU-108,96,12,0,S13,Distributor,0,155
01-01-2025,UAE,SKU-108,104,15,1,S20,Online,1,217
01-01-2025,KSA,SKU-108,123,46,0,S13,Retail,0,225
01-01-2025,India,SKU-103,194,47,0,S10,Online,0,166
01-01-2025,Qatar,SKU-100,294,33,0,S02,Online,0,555
01-01-2025,UAE,SKU-109,61,33,1,S16,Retail,0,166
01-01-2025,Oman,SKU-102,168,18,0,S20,Distributor,0,219
01-01-2025,India,SKU-107,61,11,0,S06,Retail,0,575
01-01-2025,Oman,SKU-109,70,28,1,S02,Distributor,0,125
01-01-2025,Qatar,SKU-104,147,39,0,S12,Retail,0,483
01-01-2025,India,SKU-107,274,23,0,S17,Retail,0,341
01-01-2025,India,SKU-109,198,36,0,S02,Retail,0,280
01-01-2025,Oman,SKU-100,166,27,0,S14,Distributor,0,484
01-01-2025,KSA,SKU-105,228,38,0,S04,Retail,0,532
01-01-2025,India,SKU-101,113,39,1,S07,Online,0,558
01-01-2025,Qatar,SKU-107,139,27,0,S04,Retail,0,365
02-01-2025,Qatar,SKU-102,271,13,1,S10,Retail,0,317
02-01-2025,India,SKU-102,238,31,0,S14,Distributor,0,372
02-01-2025,Oman,SKU-107,277,17,0,S20,Retail,0,359
02-01-2025,India,SKU-100,114,26,1,S06,Retail,0,405
02-01-2025,KSA,SKU-100,150,29,0,S11,Retail,0,574
02-01-2025,Oman,SKU-103,77,27,1,S12,Retail,0,521
02-01-2025,Oman,SKU-100,269,34,1,S13,Online,0,290
02-01-2025,Oman,SKU-101,278,14,1,S02,Online,0,596
02-01-2025,UAE,SKU-105,196,22,0,S18,Distributor,0,156
02-01-2025,UAE,SKU-109,171,48,0,S11,Distributor,0,171
02-01-2025,KSA,SKU-105,75,34,0,S10,Distributor,0,488
02-01-2025,UAE,SKU-108,174,22,0,S09,Retail,0,267
02-01-2025,KSA,SKU-104,228,12,0,S07,Online,0,164
03-01-2025,KSA,SKU-105,210,37,0,S09,Retail,0,321
03-01-2025,Qatar,SKU-109,124,19,0,S16,Distributor,0,483
03-01-2025,Qatar,SKU-107,250,45,1,S19,Retail,0,299
03-01-2025,UAE,SKU-108,245,44,1,S16,Retail,0,283
03-01-2025,Oman,SKU-101,146,36,0,S18,Online,0,114
03-01-2025,India,SKU-103,171,15,0,S12,Online,1,297
03-01-2025,Qatar,SKU-103,248,13,0,S19,Distributor,0,516
03-01-2025,India,SKU-101,204,26,1,S12,Distributor,0,476
03-01-2025,Oman,SKU-108,90,35,0,S10,Distributor,0,199
03-01-2025,UAE,SKU-104,94,43,0,S08,Distributor,0,312
03-01-2025,Oman,SKU-103,59,48,0,S05,Retail,0,269
03-01-2025,UAE,SKU-100,150,47,0,S20,Distributor,0,193
04-01-2025,Qatar,SKU-108,199,32,0,S13,Retail,0,246
04-01-2025,KSA,SKU-109,186,39,0,S04,Distributor,0,367
04-01-2025,Qatar,SKU-103,152,41,1,S04,Online,0,188
04-01-2025,KSA,SKU-101,196,46,0,S19,Online,0,424
04-01-2025,India,SKU-108,255,19,0,S12,Distributor,0,427
04-01-2025,KSA,SKU-103,270,38,0,S04,Online,0,548
04-01-2025,India,SKU-102,149,24,0,S12,Retail,0,452
04-01-2025,Qatar,SKU-104,191,47,0,S20,Online,0,571
04-01-2025,UAE,SKU-109,149,46,1,S05,Retail,0,237
04-01-2025,Qatar,SKU-106,233,23,0,S09,Distributor,0,107
04-01-2025,India,SKU-101,90,14,1,S14,Retail,0,576
05-01-2025,India,SKU-107,205,44,0,S06,Retail,0,166
05-01-2025,Oman,SKU-103,132,18,0,S10,Retail,0,430
05-01-2025,Qatar,SKU-101,105,30,0,S05,Retail,0,120
05-01-2025,UAE,SKU-105,202,26,0,S12,Distributor,0,208
05-01-2025,Qatar,SKU-105,208,31,1,S08,Retail,0,476
05-01-2025,Qatar,SKU-108,190,34,0,S15,Distributor,1,440
05-01-2025,KSA,SKU-107,190,34,0,S01,Retail,0,306
05-01-2025,India,SKU-104,231,13,1,S12,Distributor,0,143
05-01-2025,Qatar,SKU-102,88,13,0,S08,Retail,0,396
05-01-2025,Qatar,SKU-105,142,45,0,S09,Retail,0,483
05-01-2025,KSA,SKU-103,66,36,0,S10,Retail,0,589
06-01-2025,KSA,SKU-104,147,24,0,S17,Retail,0,164
06-01-2025,UAE,SKU-100,149,29,0,S09,Online,0,522
06-01-2025,Qatar,SKU-105,150,40,0,S04,Retail,1,372
06-01-2025,Oman,SKU-103,102,24,0,S05,Distributor,0,260
06-01-2025,KSA,SKU-109,227,18,0,S15,Retail,0,240
06-01-2025,UAE,SKU-104,101,27,0,S17,Retail,0,204
06-01-2025,Qatar,SKU-102,95,38,0,S17,Online,0,234
06-01-2025,India,SKU-101,207,35,0,S06,Retail,0,433
07-01-2025,UAE,SKU-105,221,27,0,S19,Distributor,0,595
07-01-2025,KSA,SKU-103,105,42,1,S06,Retail,0,295
07-01-2025,India,SKU-109,289,41,0,S11,Online,0,212
07-01-2025,KSA,SKU-108,100,37,0,S04,Retail,0,388
07-01-2025,India,SKU-103,103,38,1,S03,Distributor,0,564
07-01-2025,KSA,SKU-108,193,24,0,S01,Retail,0,136
07-01-2025,Oman,SKU-109,148,43,0,S16,Online,0,324
07-01-2025,KSA,SKU-102,72,45,0,S15,Online,0,172
08-01-2025,Oman,SKU-100,263,12,0,S12,Retail,0,222
08-01-2025,KSA,SKU-102,264,24,0,S11,Online,0,272
08-01-2025,Oman,SKU-100,55,17,0,S07,Retail,0,122
08-01-2025,UAE,SKU-101,288,42,0,S13,Retail,0,126
08-01-2025,Oman,SKU-102,130,11,1,S17,Retail,1,151
08-01-2025,India,SKU-102,73,36,0,S19,Retail,0,190
08-01-2025,KSA,SKU-106,202,19,0,S16,Distributor,0,562
08-01-2025,Oman,SKU-104,273,32,1,S14,Retail,0,533
08-01-2025,Qatar,SKU-107,98,10,0,S10,Retail,0,448
08-01-2025,India,SKU-109,125,15,0,S15,Online,0,276
08-01-2025,UAE,SKU-103,214,17,0,S15,Retail,1,448
08-01-2025,India,SKU-103,173,38,0,S01,Online,0,461
08-01-2025,Qatar,SKU-104,137,10,0,S09,Online,0,404
09-01-2025,Oman,SKU-107,222,43,0,S05,Online,0,579
09-01-2025,UAE,SKU-106,194,33,1,S01,Distributor,0,596
09-01-2025,UAE,SKU-103,168,38,1,S01,Retail,0,142
09-01-2025,KSA,SKU-104,84,43,0,S01,Retail,0,588
09-01-2025,Qatar,SKU-108,299,13,1,S02,Online,0,431
09-01-2025,UAE,SKU-108,167,25,0,S20,Online,0,364
09-01-2025,India,SKU-103,245,29,1,S08,Retail,1,209
09-01-2025,KSA,SKU-108,275,38,1,S14,Retail,0,419
09-01-2025,KSA,SKU-108,241,29,0,S13,Online,0,151
09-01-2025,Qatar,SKU-109,267,27,0,S19,Online,0,435
10-01-2025,UAE,SKU-104,218,11,1,S10,Online,0,346
10-01-2025,Oman,SKU-104,128,49,1,S10,Retail,0,205
10-01-2025,UAE,SKU-106,265,37,0,S02,Retail,0,509
10-01-2025,UAE,SKU-109,226,46,0,S15,Retail,0,356
10-01-2025,Oman,SKU-107,298,10,0,S12,Online,0,482
10-01-2025,India,SKU-100,70,49,0,S04,Online,0,432
11-01-2025,UAE,SKU-102,264,34,0,S18,Online,0,212
11-01-2025,KSA,SKU-108,94,15,1,S19,Distributor,0,581
11-01-2025,KSA,SKU-107,167,13,0,S14,Retail,0,390
11-01-2025,KSA,SKU-107,185,46,0,S11,Distributor,0,546
12-01-2025,KSA,SKU-105,243,12,0,S11,Distributor,0,534
12-01-2025,Oman,SKU-105,120,37,1,S09,Online,0,303
12-01-2025,Qatar,SKU-107,65,29,0,S05,Online,0,160
12-01-2025,Oman,SKU-105,84,34,1,S03,Online,0,436
12-01-2025,UAE,SKU-106,250,38,0,S07,Online,0,401
12-01-2025,India,SKU-109,156,49,0,S18,Retail,0,191
12-01-2025,KSA,SKU-102,53,14,1,S06,Retail,0,359
12-01-2025,India,SKU-105,212,10,1,S05,Online,0,548
12-01-2025,KSA,SKU-106,162,34,1,S05,Retail,0,246
12-01-2025,Oman,SKU-101,196,27,1,S16,Retail,0,238
12-01-2025,KSA,SKU-100,62,15,0,S10,Distributor,0,465
12-01-2025,Oman,SKU-104,234,35,0,S08,Online,0,146
12-01-2025,Oman,SKU-104,62,28,0,S02,Distributor,0,275
13-01-2025,UAE,SKU-102,232,16,0,S02,Retail,1,203
13-01-2025,KSA,SKU-103,281,28,0,S14,Retail,0,160
13-01-2025,KSA,SKU-103,158,18,0,S16,Online,1,333
13-01-2025,KSA,SKU-108,74,37,0,S19,Distributor,0,563
13-01-2025,India,SKU-104,237,20,0,S02,Online,0,212
13-01-2025,KSA,SKU-102,298,29,0,S14,Online,0,569
13-01-2025,India,SKU-102,147,41,0,S19,Distributor,0,230
13-01-2025,Oman,SKU-109,184,23,0,S08,Online,0,481
13-01-2025,Oman,SKU-102,118,18,1,S08,Online,0,543
13-01-2025,KSA,SKU-106,211,33,0,S04,Online,0,282
14-01-2025,India,SKU-106,294,10,1,S03,Distributor,0,543
14-01-2025,Oman,SKU-108,211,35,0,S20,Distributor,0,223
14-01-2025,KSA,SKU-103,83,49,0,S01,Distributor,0,110
14-01-2025,Qatar,SKU-106,175,49,0,S02,Online,0,296
14-01-2025,UAE,SKU-104,205,25,0,S06,Online,0,143
14-01-2025,Oman,SKU-102,184,39,0,S17,Online,0,153
14-01-2025,India,SKU-102,103,14,0,S18,Online,0,381
14-01-2025,Qatar,SKU-104,248,43,1,S19,Distributor,0,356
14-01-2025,India,SKU-100,94,34,0,S20,Online,0,116
14-01-2025,KSA,SKU-102,258,15,0,S03,Retail,0,110
15-01-2025,Qatar,SKU-106,169,49,0,S13,Distributor,0,568
15-01-2025,KSA,SKU-105,264,35,0,S07,Online,0,347
15-01-2025,KSA,SKU-105,113,47,1,S13,Retail,0,247
15-01-2025,India,SKU-104,70,44,1,S07,Distributor,0,393
15-01-2025,Qatar,SKU-102,155,19,0,S02,Distributor,1,127
15-01-2025,India,SKU-107,292,15,1,S03,Online,0,254
15-01-2025,KSA,SKU-100,102,24,0,S18,Distributor,0,286
15-01-2025,UAE,SKU-107,131,11,0,S04,Online,0,516
15-01-2025,KSA,SKU-103,215,45,0,S03,Retail,0,485
15-01-2025,UAE,SKU-102,53,17,0,S11,Distributor,1,444
16-01-2025,India,SKU-102,299,35,1,S04,Distributor,0,536
16-01-2025,KSA,SKU-105,201,41,0,S14,Online,0,456
16-01-2025,Oman,SKU-101,69,37,0,S12,Distributor,0,477
16-01-2025,KSA,SKU-108,190,28,0,S16,Online,0,202
16-01-2025,India,SKU-109,189,19,0,S20,Retail,0,386
16-01-2025,KSA,SKU-104,52,34,1,S18,Retail,0,211
16-01-2025,Oman,SKU-103,101,27,1,S13,Distributor,0,513
16-01-2025,Oman,SKU-101,223,26,0,S17,Distributor,0,557
16-01-2025,UAE,SKU-105,268,37,0,S20,Online,0,532
16-01-2025,India,SKU-107,250,34,0,S17,Retail,0,580
16-01-2025,Oman,SKU-105,263,22,0,S09,Retail,0,304
16-01-2025,UAE,SKU-106,263,26,0,S07,Online,0,465
16-01-2025,KSA,SKU-107,154,20,0,S13,Online,0,386
17-01-2025,Oman,SKU-104,68,32,0,S16,Online,1,286
17-01-2025,KSA,SKU-102,260,20,0,S17,Distributor,0,158
17-01-2025,India,SKU-105,242,20,0,S18,Online,0,508
17-01-2025,KSA,SKU-102,100,18,0,S18,Retail,0,364
17-01-2025,India,SKU-107,86,33,0,S16,Retail,0,193
17-01-2025,India,SKU-106,188,48,0,S10,Retail,0,334
17-01-2025,India,SKU-108,276,31,0,S02,Retail,0,596
17-01-2025,KSA,SKU-101,106,26,0,S10,Distributor,0,154
17-01-2025,Oman,SKU-103,65,33,0,S16,Distributor,0,376
17-01-2025,India,SKU-106,80,29,0,S11,Distributor,0,155
17-01-2025,UAE,SKU-100,136,29,1,S09,Retail,0,348
17-01-2025,UAE,SKU-109,175,11,1,S01,Distributor,0,474
17-01-2025,Oman,SKU-106,173,11,0,S15,Distributor,0,382
17-01-2025,Qatar,SKU-108,206,37,0,S04,Retail,0,428
17-01-2025,KSA,SKU-108,181,32,0,S06,Distributor,0,599
18-01-2025,UAE,SKU-100,217,16,0,S07,Online,0,505
18-01-2025,Qatar,SKU-109,124,41,0,S05,Online,0,115
18-01-2025,Qatar,SKU-103,97,34,0,S04,Distributor,0,125
18-01-2025,Oman,SKU-100,238,40,0,S09,Distributor,0,124
18-01-2025,India,SKU-101,214,24,1,S10,Distributor,0,270
18-01-2025,Oman,SKU-107,264,44,1,S12,Online,0,115
18-01-2025,Qatar,SKU-105,168,25,0,S16,Retail,0,388
18-01-2025,KSA,SKU-106,99,43,0,S17,Distributor,0,147
18-01-2025,KSA,SKU-103,87,15,1,S04,Retail,0,193
19-01-2025,Qatar,SKU-105,122,33,0,S19,Retail,0,408
19-01-2025,India,SKU-103,165,32,1,S09,Distributor,0,370
19-01-2025,Oman,SKU-101,196,36,0,S18,Online,0,236
19-01-2025,Qatar,SKU-109,299,48,0,S04,Online,0,173
19-01-2025,KSA,SKU-101,57,21,0,S08,Retail,0,341
19-01-2025,Oman,SKU-104,215,24,1,S06,Distributor,0,195
19-01-2025,KSA,SKU-103,182,19,1,S18,Distributor,0,130
19-01-2025,Qatar,SKU-102,50,22,0,S07,Online,1,131
19-01-2025,Qatar,SKU-104,114,12,0,S05,Online,0,520
19-01-2025,Oman,SKU-105,125,45,0,S05,Retail,0,189
19-01-2025,KSA,SKU-105,280,42,0,S17,Retail,0,436
19-01-2025,India,SKU-101,143,15,0,S08,Distributor,0,568
19-01-2025,Oman,SKU-107,292,47,1,S14,Online,0,396
19-01-2025,Oman,SKU-108,78,35,0,S17,Online,1,566
20-01-2025,India,SKU-108,130,24,1,S12,Retail,0,101
20-01-2025,KSA,SKU-103,89,10,0,S01,Retail,0,452
20-01-2025,KSA,SKU-107,166,33,1,S10,Online,0,262
20-01-2025,KSA,SKU-108,214,38,0,S17,Distributor,0,307
20-01-2025,UAE,SKU-108,245,25,0,S01,Online,0,222
20-01-2025,India,SKU-108,79,42,0,S08,Online,0,177
20-01-2025,UAE,SKU-100,259,22,0,S03,Online,0,302
21-01-2025,India,SKU-101,214,28,0,S09,Retail,0,592
21-01-2025,Qatar,SKU-106,210,23,0,S19,Online,0,328
21-01-2025,Oman,SKU-101,218,13,0,S02,Distributor,0,306
21-01-2025,UAE,SKU-102,188,11,1,S16,Online,0,356
21-01-2025,KSA,SKU-101,114,32,0,S14,Retail,0,347
21-01-2025,KSA,SKU-103,79,12,0,S09,Distributor,0,441
21-01-2025,Oman,SKU-106,220,39,0,S04,Online,0,186
21-01-2025,UAE,SKU-108,253,49,0,S13,Distributor,0,435
21-01-2025,India,SKU-103,284,29,0,S09,Online,0,359
21-01-2025,UAE,SKU-101,191,41,0,S08,Online,0,112
22-01-2025,KSA,SKU-103,280,26,0,S02,Distributor,0,469
22-01-2025,Qatar,SKU-108,65,10,0,S14,Retail,0,295
22-01-2025,KSA,SKU-102,237,42,0,S15,Online,0,532
22-01-2025,India,SKU-103,279,36,1,S16,Retail,0,580
22-01-2025,UAE,SKU-103,245,16,0,S13,Online,0,292
22-01-2025,India,SKU-106,223,45,0,S15,Online,0,123
23-01-2025,UAE,SKU-109,74,24,1,S20,Retail,0,373
23-01-2025,UAE,SKU-101,86,36,1,S10,Distributor,0,372
23-01-2025,UAE,SKU-106,239,13,0,S08,Distributor,0,124
23-01-2025,Qatar,SKU-109,105,29,0,S20,Online,0,259
23-01-2025,Oman,SKU-108,213,20,0,S16,Retail,0,240
23-01-2025,UAE,SKU-105,121,26,0,S01,Distributor,0,302
23-01-2025,KSA,SKU-101,122,43,0,S04,Retail,0,270
23-01-2025,Qatar,SKU-101,62,12,0,S01,Retail,0,130
23-01-2025,KSA,SKU-103,57,19,1,S08,Retail,0,187
23-01-2025,India,SKU-107,209,22,0,S17,Online,0,375
23-01-2025,Qatar,SKU-106,137,30,1,S18,Distributor,0,530
23-01-2025,Qatar,SKU-104,116,48,1,S11,Online,0,188
23-01-2025,KSA,SKU-109,111,10,0,S16,Online,0,206
24-01-2025,Oman,SKU-107,158,14,0,S11,Online,0,188
24-01-2025,Qatar,SKU-101,131,30,1,S19,Retail,0,530
24-01-2025,Qatar,SKU-107,140,31,0,S07,Online,0,210
24-01-2025,KSA,SKU-109,219,47,0,S13,Retail,1,382
24-01-2025,UAE,SKU-108,194,19,1,S18,Retail,0,172
24-01-2025,KSA,SKU-101,81,14,0,S10,Retail,0,352
24-01-2025,UAE,SKU-104,237,49,0,S16,Distributor,0,447
24-01-2025,KSA,SKU-102,236,26,1,S07,Retail,0,438
24-01-2025,Oman,SKU-104,67,41,0,S10,Retail,1,374
24-01-2025,Qatar,SKU-103,136,40,1,S14,Retail,0,480
24-01-2025,Qatar,SKU-103,163,23,1,S06,Retail,0,164
24-01-2025,Oman,SKU-107,271,26,0,S05,Distributor,0,137
24-01-2025,KSA,SKU-102,254,20,1,S07,Retail,0,426
24-01-2025,Qatar,SKU-103,84,15,0,S18,Online,0,329
25-01-2025,Qatar,SKU-106,197,28,1,S12,Retail,0,571
25-01-2025,Qatar,SKU-100,207,35,0,S19,Retail,0,574
25-01-2025,India,SKU-102,293,36,0,S17,Distributor,0,320
25-01-2025,India,SKU-105,153,25,1,S14,Distributor,0,310
25-01-2025,Qatar,SKU-107,205,47,0,S05,Online,0,317
25-01-2025,Oman,SKU-105,100,10,0,S11,Retail,0,541
25-01-2025,Oman,SKU-106,282,20,1,S09,Retail,0,333
25-01-2025,UAE,SKU-109,212,45,0,S06,Distributor,0,140
25-01-2025,KSA,SKU-101,190,17,1,S10,Online,1,144
25-01-2025,India,SKU-109,55,34,0,S14,Retail,0,208
26-01-2025,UAE,SKU-101,142,12,0,S09,Distributor,0,142
26-01-2025,UAE,SKU-105,206,38,1,S08,Retail,0,259
26-01-2025,Qatar,SKU-103,219,21,0,S03,Online,0,543
26-01-2025,UAE,SKU-103,108,12,0,S09,Online,1,441
26-01-2025,Qatar,SKU-103,273,29,0,S12,Online,0,575
26-01-2025,KSA,SKU-102,254,38,0,S09,Retail,1,138
26-01-2025,UAE,SKU-109,232,38,0,S09,Retail,0,282
26-01-2025,UAE,SKU-104,233,48,0,S12,Distributor,0,530
26-01-2025,KSA,SKU-107,285,19,1,S15,Distributor,0,369
27-01-2025,UAE,SKU-108,268,31,1,S02,Retail,0,245
27-01-2025,Oman,SKU-102,233,41,0,S18,Retail,0,568
27-01-2025,KSA,SKU-109,226,35,0,S15,Retail,0,172
27-01-2025,India,SKU-102,269,33,0,S10,Distributor,0,155
27-01-2025,UAE,SKU-106,295,29,1,S03,Retail,0,250
27-01-2025,Oman,SKU-103,173,47,0,S16,Retail,0,426
27-01-2025,Oman,SKU-102,169,27,0,S05,Retail,0,424
27-01-2025,India,SKU-107,272,28,0,S05,Online,0,188
27-01-2025,Oman,SKU-106,206,31,1,S13,Distributor,0,353
27-01-2025,UAE,SKU-106,238,36,0,S19,Retail,0,341
27-01-2025,KSA,SKU-103,151,49,0,S18,Online,0,286
28-01-2025,Qatar,SKU-107,290,36,0,S03,Distributor,0,323
28-01-2025,Oman,SKU-104,87,13,1,S14,Retail,0,458
28-01-2025,UAE,SKU-102,249,40,1,S04,Online,0,186
28-01-2025,UAE,SKU-106,240,22,0,S06,Online,0,326
28-01-2025,India,SKU-109,94,17,0,S16,Online,0,157
28-01-2025,Qatar,SKU-101,183,30,0,S03,Distributor,0,194
28-01-2025,UAE,SKU-105,50,28,0,S02,Retail,0,204
28-01-2025,Oman,SKU-107,65,49,0,S19,Online,0,581
28-01-2025,Qatar,SKU-108,60,30,1,S03,Online,0,474
28-01-2025,Qatar,SKU-107,145,47,0,S12,Distributor,1,436
29-01-2025,Qatar,SKU-101,61,27,0,S02,Retail,0,387
29-01-2025,India,SKU-100,136,19,0,S04,Distributor,0,517
29-01-2025,UAE,SKU-104,236,30,1,S06,Online,0,244
29-01-2025,India,SKU-105,108,35,0,S14,Distributor,0,340
29-01-2025,Qatar,SKU-108,114,10,1,S07,Distributor,0,243
29-01-2025,KSA,SKU-109,175,41,1,S07,Retail,0,269
29-01-2025,India,SKU-108,204,15,0,S06,Retail,0,315
29-01-2025,Qatar,SKU-105,83,15,1,S12,Retail,0,327
30-01-2025,Qatar,SKU-105,265,27,0,S17,Online,0,415
30-01-2025,India,SKU-103,158,27,0,S01,Distributor,0,458
30-01-2025,India,SKU-101,195,14,1,S12,Distributor,0,297
30-01-2025,UAE,SKU-105,74,37,0,S20,Online,0,370
30-01-2025,India,SKU-108,98,39,0,S06,Online,0,288
30-01-2025,UAE,SKU-104,161,15,0,S15,Online,0,566
30-01-2025,UAE,SKU-100,68,36,1,S02,Distributor,0,595
30-01-2025,Qatar,SKU-104,51,28,0,S05,Online,0,492
30-01-2025,Qatar,SKU-102,201,49,0,S14,Distributor,0,494
30-01-2025,Qatar,SKU-105,77,28,1,S20,Online,0,540
31-01-2025,Oman,SKU-109,88,28,0,S18,Retail,0,526
31-01-2025,UAE,SKU-106,297,39,1,S11,Retail,0,353
31-01-2025,KSA,SKU-103,98,26,0,S18,Distributor,0,481
01-02-2025,UAE,SKU-108,61,29,1,S13,Retail,0,151
01-02-2025,KSA,SKU-104,224,19,0,S07,Distributor,0,546
01-02-2025,Oman,SKU-101,288,28,0,S19,Distributor,0,168
01-02-2025,Qatar,SKU-106,90,16,1,S17,Online,0,303
01-02-2025,UAE,SKU-106,216,30,0,S15,Retail,0,506
01-02-2025,KSA,SKU-101,278,31,0,S15,Online,0,302
01-02-2025,Qatar,SKU-108,240,25,0,S19,Online,0,185
01-02-2025,India,SKU-101,148,24,0,S04,Online,0,288
01-02-2025,India,SKU-107,180,45,0,S17,Distributor,0,348
01-02-2025,KSA,SKU-102,148,23,0,S06,Distributor,0,172
01-02-2025,Qatar,SKU-105,102,26,0,S11,Retail,0,566
01-02-2025,KSA,SKU-105,241,21,0,S12,Online,0,330
02-02-2025,India,SKU-106,224,20,1,S18,Retail,1,536
02-02-2025,Qatar,SKU-101,61,43,0,S07,Retail,0,324
02-02-2025,India,SKU-101,96,14,1,S06,Distributor,0,578
02-02-2025,KSA,SKU-105,286,16,0,S15,Online,0,314
02-02-2025,Qatar,SKU-105,169,40,0,S07,Retail,0,526
02-02-2025,UAE,SKU-107,121,14,1,S03,Distributor,0,512
02-02-2025,UAE,SKU-104,283,12,1,S09,Retail,0,581
02-02-2025,Oman,SKU-100,114,24,0,S16,Retail,0,158
02-02-2025,Qatar,SKU-105,253,41,0,S19,Retail,0,151
02-02-2025,Qatar,SKU-101,147,10,1,S04,Retail,0,443
02-02-2025,UAE,SKU-107,121,36,0,S05,Retail,0,259
02-02-2025,India,SKU-102,165,32,0,S11,Retail,0,589
02-02-2025,Qatar,SKU-106,163,16,0,S08,Retail,0,257
02-02-2025,Oman,SKU-102,124,16,1,S03,Online,0,388
02-02-2025,India,SKU-104,183,28,1,S13,Online,0,178
02-02-2025,UAE,SKU-106,234,19,0,S05,Online,0,423
02-02-2025,UAE,SKU-107,233,12,0,S12,Retail,0,167
02-02-2025,India,SKU-104,216,16,0,S17,Retail,0,512
03-02-2025,Qatar,SKU-101,206,43,1,S06,Distributor,0,388
03-02-2025,KSA,SKU-101,204,12,0,S16,Distributor,1,575
03-02-2025,India,SKU-107,154,28,1,S08,Retail,0,597
03-02-2025,Qatar,SKU-102,96,44,0,S07,Distributor,0,576
03-02-2025,KSA,SKU-108,187,42,0,S07,Retail,0,516
03-02-2025,Oman,SKU-108,153,40,0,S06,Distributor,0,507
03-02-2025,India,SKU-103,147,47,0,S11,Retail,0,217
03-02-2025,Oman,SKU-104,225,38,0,S20,Retail,0,202
03-02-2025,Oman,SKU-103,116,18,0,S17,Retail,0,551
04-02-2025,UAE,SKU-108,125,13,0,S19,Distributor,0,356
04-02-2025,India,SKU-100,122,21,1,S07,Online,0,356
04-02-2025,Oman,SKU-107,253,32,0,S07,Online,0,137
04-02-2025,Qatar,SKU-103,155,12,0,S18,Online,0,192
04-02-2025,Oman,SKU-105,242,22,0,S04,Distributor,0,420
04-02-2025,UAE,SKU-100,245,46,0,S07,Distributor,0,244
04-02-2025,Qatar,SKU-100,172,10,1,S11,Online,0,513
04-02-2025,Qatar,SKU-107,239,23,0,S18,Online,0,336
04-02-2025,Qatar,SKU-102,167,32,0,S07,Distributor,0,475
04-02-2025,India,SKU-109,80,14,0,S10,Retail,0,148
05-02-2025,India,SKU-102,258,12,1,S16,Retail,0,233
05-02-2025,India,SKU-100,280,38,1,S10,Retail,0,527
05-02-2025,UAE,SKU-109,64,21,0,S16,Online,0,542
05-02-2025,Qatar,SKU-109,117,45,0,S10,Online,0,373
05-02-2025,KSA,SKU-101,243,30,0,S02,Distributor,0,238
05-02-2025,UAE,SKU-104,216,28,0,S08,Distributor,0,169
05-02-2025,KSA,SKU-103,205,15,0,S07,Distributor,0,175
05-02-2025,Oman,SKU-104,108,46,0,S10,Online,0,357
05-02-2025,Qatar,SKU-105,70,32,1,S04,Distributor,1,370
05-02-2025,KSA,SKU-102,96,39,0,S17,Online,0,179
05-02-2025,UAE,SKU-100,142,49,1,S19,Online,0,475
05-02-2025,Qatar,SKU-103,273,47,0,S13,Retail,0,224
06-02-2025,Oman,SKU-100,57,43,0,S11,Retail,0,338
06-02-2025,Qatar,SKU-100,88,21,1,S10,Retail,0,246
06-02-2025,Oman,SKU-107,238,44,0,S17,Retail,1,368
06-02-2025,Oman,SKU-101,213,42,1,S20,Online,0,534
06-02-2025,Qatar,SKU-100,250,22,0,S02,Distributor,1,390
06-02-2025,Qatar,SKU-103,137,19,0,S10,Distributor,0,268
06-02-2025,India,SKU-107,281,18,0,S12,Online,0,313
07-02-2025,Oman,SKU-105,57,45,0,S07,Distributor,1,504
07-02-2025,Oman,SKU-109,269,37,0,S01,Retail,1,381
07-02-2025,KSA,SKU-106,124,26,0,S10,Distributor,0,386
07-02-2025,KSA,SKU-104,154,20,0,S10,Online,0,240
07-02-2025,India,SKU-102,244,49,0,S20,Distributor,0,221
07-02-2025,India,SKU-104,119,32,1,S14,Distributor,0,532
07-02-2025,UAE,SKU-107,222,23,0,S15,Distributor,0,588
07-02-2025,Oman,SKU-100,149,29,1,S04,Retail,0,393
07-02-2025,Qatar,SKU-101,221,49,0,S12,Distributor,0,150
07-02-2025,KSA,SKU-107,63,37,0,S09,Online,1,599
08-02-2025,UAE,SKU-109,162,39,0,S17,Distributor,0,479
08-02-2025,Oman,SKU-109,276,30,1,S15,Retail,0,340
08-02-2025,Oman,SKU-109,263,47,1,S13,Online,1,161
08-02-2025,KSA,SKU-102,102,39,0,S16,Retail,0,560
08-02-2025,Oman,SKU-104,284,18,0,S03,Retail,0,322
08-02-2025,India,SKU-104,250,22,0,S16,Distributor,0,439
08-02-2025,UAE,SKU-107,239,18,0,S18,Distributor,0,526
08-02-2025,UAE,SKU-107,277,13,0,S20,Online,0,164
08-02-2025,KSA,SKU-109,117,31,0,S01,Distributor,1,541
08-02-2025,Qatar,SKU-106,83,25,0,S14,Retail,0,482
08-02-2025,India,SKU-102,237,24,0,S12,Online,0,391
08-02-2025,KSA,SKU-109,207,13,0,S01,Retail,0,267
09-02-2025,India,SKU-108,212,38,0,S19,Distributor,0,511
09-02-2025,UAE,SKU-108,115,39,1,S20,Distributor,0,134
09-02-2025,Oman,SKU-101,135,10,0,S07,Distributor,0,271
09-02-2025,UAE,SKU-109,196,45,0,S06,Distributor,0,533
09-02-2025,KSA,SKU-103,131,28,0,S20,Distributor,0,334
10-02-2025,UAE,SKU-103,221,36,0,S02,Distributor,0,122
10-02-2025,KSA,SKU-100,158,18,0,S17,Retail,1,162
10-02-2025,KSA,SKU-105,210,46,0,S10,Distributor,0,455
10-02-2025,UAE,SKU-101,121,46,0,S08,Retail,1,171
11-02-2025,Oman,SKU-102,196,13,0,S16,Online,0,153
11-02-2025,Oman,SKU-104,152,41,0,S17,Online,0,213
11-02-2025,India,SKU-103,243,49,0,S03,Retail,0,231
11-02-2025,UAE,SKU-103,207,14,1,S12,Distributor,0,227
11-02-2025,Qatar,SKU-106,272,35,1,S06,Distributor,0,489
11-02-2025,India,SKU-109,103,14,0,S20,Online,0,116
11-02-2025,Oman,SKU-106,222,41,0,S10,Online,0,409
11-02-2025,UAE,SKU-101,126,31,0,S02,Online,0,189
11-02-2025,Oman,SKU-102,237,16,0,S01,Distributor,0,324
12-02-2025,Qatar,SKU-107,87,25,1,S08,Retail,0,428
12-02-2025,Oman,SKU-106,67,44,0,S14,Online,0,112
12-02-2025,India,SKU-106,130,33,0,S05,Retail,0,148
12-02-2025,KSA,SKU-102,123,39,1,S19,Distributor,0,258
12-02-2025,Oman,SKU-100,100,21,0,S06,Distributor,0,330
13-02-2025,KSA,SKU-106,223,14,0,S06,Online,0,461
13-02-2025,UAE,SKU-109,159,15,0,S13,Retail,0,106
13-02-2025,India,SKU-108,98,48,0,S18,Distributor,0,479
13-02-2025,Qatar,SKU-108,206,40,0,S04,Online,0,420
13-02-2025,KSA,SKU-106,217,48,0,S04,Online,0,365
13-02-2025,Qatar,SKU-104,192,31,1,S10,Distributor,0,129
13-02-2025,India,SKU-105,298,38,1,S18,Retail,0,243
13-02-2025,India,SKU-100,116,42,1,S11,Retail,1,539
13-02-2025,Oman,SKU-103,181,38,1,S07,Distributor,0,530
13-02-2025,Oman,SKU-107,217,37,0,S16,Distributor,0,451
14-02-2025,Oman,SKU-106,188,32,0,S18,Online,0,375
14-02-2025,Oman,SKU-108,201,25,0,S10,Online,0,592
14-02-2025,Qatar,SKU-100,118,11,0,S13,Distributor,0,142
14-02-2025,Qatar,SKU-108,293,38,1,S05,Online,1,492
14-02-2025,KSA,SKU-107,106,18,0,S13,Retail,0,288
14-02-2025,India,SKU-104,167,29,1,S08,Distributor,0,255
14-02-2025,Oman,SKU-109,55,46,1,S03,Retail,0,382
14-02-2025,UAE,SKU-106,76,39,0,S13,Online,0,288
14-02-2025,KSA,SKU-105,295,23,1,S17,Online,0,566
15-02-2025,Qatar,SKU-104,79,19,0,S07,Distributor,0,455
15-02-2025,KSA,SKU-109,151,12,0,S05,Retail,0,401
15-02-2025,Oman,SKU-105,221,29,0,S01,Retail,0,156
15-02-2025,KSA,SKU-105,124,15,0,S04,Retail,0,360
15-02-2025,UAE,SKU-105,258,26,0,S15,Online,0,426
15-02-2025,Qatar,SKU-106,118,17,0,S20,Online,0,201
15-02-2025,KSA,SKU-107,287,48,1,S14,Online,1,160
16-02-2025,Oman,SKU-104,197,38,0,S06,Distributor,0,286
16-02-2025,KSA,SKU-105,100,37,1,S19,Distributor,0,410
16-02-2025,Qatar,SKU-101,231,25,0,S08,Retail,0,113
16-02-2025,Qatar,SKU-107,228,18,1,S17,Retail,0,256
16-02-2025,Oman,SKU-107,71,40,0,S13,Distributor,1,203
16-02-2025,Oman,SKU-101,262,24,1,S06,Retail,0,463
16-02-2025,India,SKU-102,56,29,0,S17,Online,0,552
16-02-2025,India,SKU-101,208,17,0,S04,Retail,0,561
16-02-2025,UAE,SKU-105,186,20,0,S12,Distributor,0,328
16-02-2025,UAE,SKU-109,236,26,0,S09,Distributor,0,501
16-02-2025,Qatar,SKU-107,196,49,1,S08,Distributor,0,525
16-02-2025,Qatar,SKU-104,171,35,0,S01,Online,0,424
17-02-2025,India,SKU-108,103,45,0,S07,Distributor,0,304
17-02-2025,KSA,SKU-103,77,22,1,S03,Online,0,285
17-02-2025,KSA,SKU-103,225,24,1,S01,Retail,1,406
17-02-2025,India,SKU-102,232,20,0,S02,Distributor,1,496
17-02-2025,Oman,SKU-106,197,36,0,S13,Retail,0,422
17-02-2025,Oman,SKU-103,56,27,0,S20,Online,0,160
17-02-2025,UAE,SKU-104,250,11,0,S01,Retail,0,494
17-02-2025,UAE,SKU-108,133,12,1,S03,Distributor,0,291
17-02-2025,India,SKU-100,231,44,0,S03,Distributor,0,309
17-02-2025,Oman,SKU-108,214,43,0,S13,Distributor,1,196
17-02-2025,Oman,SKU-102,230,38,0,S01,Distributor,0,283
18-02-2025,Oman,SKU-104,114,38,0,S18,Distributor,1,438
18-02-2025,Qatar,SKU-103,141,17,0,S19,Online,0,290
18-02-2025,Oman,SKU-107,255,49,0,S06,Distributor,1,179
18-02-2025,UAE,SKU-105,106,31,0,S02,Distributor,0,291
18-02-2025,Oman,SKU-100,237,49,0,S12,Retail,0,318
18-02-2025,Qatar,SKU-101,235,15,0,S04,Retail,0,166
18-02-2025,Qatar,SKU-102,232,11,1,S03,Retail,0,167
18-02-2025,Qatar,SKU-108,111,33,0,S05,Distributor,0,251
18-02-2025,India,SKU-100,93,45,0,S20,Retail,0,298
19-02-2025,Oman,SKU-104,286,20,1,S16,Distributor,0,128
19-02-2025,Oman,SKU-106,262,21,0,S01,Retail,0,246
19-02-2025,Oman,SKU-104,282,38,0,S11,Retail,1,505
19-02-2025,UAE,SKU-107,154,20,0,S20,Distributor,0,427
19-02-2025,KSA,SKU-104,97,13,0,S16,Online,0,380
19-02-2025,Qatar,SKU-100,218,37,0,S20,Online,0,436
19-02-2025,KSA,SKU-107,175,24,0,S17,Retail,0,379
19-02-2025,Qatar,SKU-102,231,17,1,S14,Distributor,0,517
19-02-2025,Qatar,SKU-101,62,11,1,S18,Online,0,435
20-02-2025,Qatar,SKU-107,244,31,1,S05,Online,0,591
20-02-2025,KSA,SKU-107,158,37,0,S15,Retail,0,369
20-02-2025,Oman,SKU-109,218,42,1,S01,Online,0,424
20-02-2025,KSA,SKU-109,73,49,1,S11,Distributor,0,511
20-02-2025,India,SKU-102,150,40,0,S07,Online,0,392
20-02-2025,UAE,SKU-108,140,32,0,S02,Distributor,0,330
20-02-2025,Qatar,SKU-108,85,32,0,S13,Online,1,343
20-02-2025,KSA,SKU-106,282,26,0,S13,Online,0,527
20-02-2025,India,SKU-108,212,23,0,S15,Online,0,299
20-02-2025,UAE,SKU-102,130,30,0,S03,Retail,0,230
20-02-2025,India,SKU-109,281,10,0,S19,Distributor,0,478
20-02-2025,Qatar,SKU-108,118,30,0,S03,Retail,0,239
20-02-2025,Oman,SKU-105,274,13,0,S12,Online,0,326
21-02-2025,Oman,SKU-102,272,12,1,S10,Online,0,407
21-02-2025,Oman,SKU-107,58,33,0,S10,Retail,0,145
21-02-2025,India,SKU-104,252,23,0,S19,Retail,0,516
21-02-2025,India,SKU-100,113,13,0,S04,Retail,0,378
21-02-2025,Qatar,SKU-106,77,14,0,S18,Retail,0,273
21-02-2025,Qatar,SKU-102,104,24,0,S19,Retail,0,231
21-02-2025,UAE,SKU-106,188,18,0,S14,Retail,1,455
21-02-2025,UAE,SKU-101,218,26,1,S15,Distributor,0,182
21-02-2025,KSA,SKU-100,86,38,1,S15,Distributor,0,328
21-02-2025,KSA,SKU-105,224,48,0,S01,Online,0,267
21-02-2025,India,SKU-102,153,37,0,S04,Online,0,405
21-02-2025,UAE,SKU-102,195,29,0,S18,Online,0,507
22-02-2025,India,SKU-102,211,33,0,S16,Retail,1,251
22-02-2025,Oman,SKU-107,174,44,1,S17,Retail,0,266
22-02-2025,India,SKU-109,143,25,0,S05,Distributor,0,228
22-02-2025,Oman,SKU-106,94,14,1,S17,Retail,0,474
22-02-2025,UAE,SKU-107,224,40,1,S12,Retail,1,122
22-02-2025,KSA,SKU-103,254,38,0,S16,Retail,0,537
22-02-2025,India,SKU-105,93,21,0,S10,Distributor,0,384
22-02-2025,UAE,SKU-103,292,25,1,S07,Online,0,425
22-02-2025,India,SKU-109,148,10,0,S07,Retail,0,258
22-02-2025,India,SKU-100,273,42,0,S19,Online,0,225
22-02-2025,UAE,SKU-100,117,35,1,S04,Online,0,501
23-02-2025,UAE,SKU-108,178,47,0,S02,Distributor,0,264
23-02-2025,Qatar,SKU-104,281,47,0,S07,Retail,0,378
23-02-2025,India,SKU-109,176,21,1,S05,Online,0,490
23-02-2025,UAE,SKU-106,174,25,0,S02,Online,0,105
23-02-2025,Oman,SKU-102,205,39,1,S17,Online,1,597
23-02-2025,India,SKU-103,106,13,0,S16,Online,0,337
23-02-2025,Oman,SKU-109,142,28,0,S13,Online,0,582
23-02-2025,Oman,SKU-102,157,28,1,S01,Distributor,0,285
23-02-2025,KSA,SKU-108,173,34,1,S16,Retail,0,318
23-02-2025,Qatar,SKU-101,220,14,0,S04,Distributor,0,198
23-02-2025,KSA,SKU-105,282,49,1,S16,Distributor,0,500
23-02-2025,KSA,SKU-106,278,19,1,S16,Retail,1,570
24-02-2025,India,SKU-103,62,21,0,S14,Distributor,1,178
24-02-2025,KSA,SKU-106,97,14,0,S18,Retail,0,289
24-02-2025,UAE,SKU-100,154,19,1,S04,Retail,0,334
24-02-2025,India,SKU-108,214,37,0,S17,Online,0,572
24-02-2025,India,SKU-103,148,35,0,S08,Online,0,356
24-02-2025,India,SKU-105,77,49,0,S16,Distributor,0,210
24-02-2025,Qatar,SKU-102,79,20,0,S02,Retail,0,500
25-02-2025,Oman,SKU-105,271,38,0,S03,Retail,1,411
25-02-2025,Qatar,SKU-103,284,21,1,S02,Distributor,0,585
25-02-2025,KSA,SKU-105,176,21,0,S04,Retail,0,260
25-02-2025,Oman,SKU-103,243,43,0,S07,Distributor,0,464
25-02-2025,UAE,SKU-100,293,12,0,S09,Online,0,516
25-02-2025,India,SKU-102,209,38,0,S16,Online,0,294
25-02-2025,UAE,SKU-100,160,48,0,S02,Online,0,260
25-02-2025,Qatar,SKU-104,247,31,0,S06,Retail,0,120
25-02-2025,Oman,SKU-107,187,11,1,S08,Retail,0,173
26-02-2025,India,SKU-103,191,12,0,S20,Online,0,567
26-02-2025,UAE,SKU-102,108,33,0,S04,Online,0,386
26-02-2025,Oman,SKU-104,71,15,0,S18,Online,0,145
26-02-2025,UAE,SKU-101,176,24,0,S11,Retail,1,130
26-02-2025,UAE,SKU-107,299,18,0,S14,Online,0,391
26-02-2025,Oman,SKU-102,267,12,0,S10,Online,0,178
26-02-2025,UAE,SKU-104,98,25,0,S17,Online,0,225
26-02-2025,KSA,SKU-109,179,32,0,S04,Online,0,551
26-02-2025,India,SKU-106,61,20,0,S15,Distributor,1,130
27-02-2025,KSA,SKU-101,131,30,0,S04,Retail,0,569
27-02-2025,KSA,SKU-105,205,37,0,S05,Distributor,0,374
27-02-2025,UAE,SKU-109,91,32,0,S01,Distributor,0,392
27-02-2025,UAE,SKU-102,140,19,0,S09,Online,0,169
27-02-2025,India,SKU-105,80,43,0,S08,Online,0,478
27-02-2025,Qatar,SKU-100,232,20,0,S07,Retail,0,209
27-02-2025,UAE,SKU-108,99,39,0,S12,Distributor,0,428
27-02-2025,India,SKU-104,192,11,1,S04,Retail,0,137
27-02-2025,KSA,SKU-106,291,47,0,S06,Distributor,0,257
27-02-2025,Qatar,SKU-102,285,10,0,S05,Online,0,419
27-02-2025,UAE,SKU-107,176,28,1,S15,Distributor,0,305
27-02-2025,UAE,SKU-107,299,13,0,S12,Retail,1,316
27-02-2025,India,SKU-100,273,35,0,S10,Distributor,0,218
27-02-2025,KSA,SKU-109,57,43,0,S16,Distributor,0,155
27-02-2025,Qatar,SKU-105,283,28,0,S18,Retail,0,214
28-02-2025,Qatar,SKU-106,131,45,0,S16,Retail,0,377
28-02-2025,India,SKU-108,185,12,0,S16,Online,0,285
28-02-2025,India,SKU-101,286,46,1,S18,Online,0,378
28-02-2025,Qatar,SKU-108,190,49,0,S14,Distributor,0,561
28-02-2025,India,SKU-102,206,26,1,S13,Retail,1,357
28-02-2025,Qatar,SKU-106,51,11,0,S19,Distributor,0,370
28-02-2025,India,SKU-104,77,47,1,S11,Retail,0,450
28-02-2025,UAE,SKU-109,266,47,0,S04,Retail,0,562
28-02-2025,KSA,SKU-108,225,35,1,S20,Distributor,0,342
28-02-2025,UAE,SKU-103,277,19,0,S15,Retail,0,573
01-03-2025,Oman,SKU-104,84,39,1,S12,Online,0,380
01-03-2025,India,SKU-106,141,26,0,S01,Retail,0,585
01-03-2025,KSA,SKU-105,273,42,0,S08,Online,0,359
01-03-2025,KSA,SKU-101,135,49,0,S07,Distributor,0,208
01-03-2025,India,SKU-104,204,27,0,S19,Retail,1,310
01-03-2025,KSA,SKU-105,84,20,1,S13,Online,0,109
01-03-2025,Qatar,SKU-109,136,20,1,S19,Retail,0,454
01-03-2025,Qatar,SKU-104,87,13,0,S19,Online,0,453
01-03-2025,UAE,SKU-108,57,41,1,S05,Online,0,149
01-03-2025,India,SKU-101,50,18,1,S01,Retail,0,438
01-03-2025,UAE,SKU-102,276,30,0,S12,Online,0,546
02-03-2025,Qatar,SKU-103,81,17,1,S12,Distributor,0,171
02-03-2025,KSA,SKU-106,295,47,0,S03,Distributor,1,569
02-03-2025,India,SKU-101,165,38,0,S01,Retail,0,532
02-03-2025,Qatar,SKU-103,194,23,0,S19,Distributor,0,421
02-03-2025,KSA,SKU-100,139,25,0,S07,Distributor,0,581
02-03-2025,India,SKU-109,138,14,0,S09,Online,0,108
02-03-2025,UAE,SKU-105,222,34,0,S15,Online,0,333
02-03-2025,UAE,SKU-100,211,16,0,S02,Online,1,264
02-03-2025,KSA,SKU-103,176,43,0,S20,Distributor,0,514
02-03-2025,India,SKU-108,173,31,0,S02,Distributor,0,591
02-03-2025,UAE,SKU-104,183,16,0,S20,Distributor,0,552
02-03-2025,Oman,SKU-103,128,32,0,S20,Retail,0,153
03-03-2025,India,SKU-108,226,29,0,S14,Distributor,0,471
03-03-2025,KSA,SKU-106,181,25,0,S14,Retail,0,113
03-03-2025,Oman,SKU-102,116,39,1,S16,Distributor,0,530
03-03-2025,India,SKU-101,198,41,1,S03,Distributor,0,558
03-03-2025,Qatar,SKU-105,99,43,1,S10,Retail,0,464
03-03-2025,UAE,SKU-108,97,46,0,S10,Retail,0,301
03-03-2025,KSA,SKU-106,125,13,0,S06,Online,0,352
03-03-2025,Qatar,SKU-107,150,42,1,S06,Distributor,1,120
03-03-2025,UAE,SKU-100,134,18,0,S13,Online,0,101
03-03-2025,India,SKU-104,126,29,1,S17,Online,0,434
03-03-2025,Oman,SKU-103,75,45,1,S19,Distributor,0,187
03-03-2025,India,SKU-107,133,47,0,S04,Distributor,1,399
03-03-2025,UAE,SKU-107,246,12,1,S09,Retail,0,423
03-03-2025,India,SKU-106,77,45,1,S17,Distributor,0,516
03-03-2025,Oman,SKU-109,103,44,0,S05,Online,0,436
03-03-2025,Oman,SKU-102,287,36,0,S07,Distributor,1,588
03-03-2025,India,SKU-109,294,10,1,S05,Distributor,0,136
03-03-2025,KSA,SKU-103,289,49,0,S09,Retail,0,398
03-03-2025,Oman,SKU-106,50,17,0,S08,Online,0,406
04-03-2025,KSA,SKU-105,101,46,0,S07,Distributor,0,586
04-03-2025,Oman,SKU-105,205,19,0,S07,Distributor,0,552
04-03-2025,Oman,SKU-109,295,36,0,S04,Online,0,274
04-03-2025,India,SKU-104,214,41,1,S01,Online,0,161
04-03-2025,Oman,SKU-104,100,35,1,S02,Distributor,0,217
04-03-2025,Oman,SKU-100,290,16,0,S09,Online,0,498
04-03-2025,UAE,SKU-106,147,39,1,S18,Online,0,473
04-03-2025,UAE,SKU-107,210,16,0,S04,Retail,0,365
04-03-2025,Qatar,SKU-102,211,20,0,S06,Distributor,0,362
04-03-2025,KSA,SKU-109,76,31,1,S09,Distributor,0,497
04-03-2025,Oman,SKU-101,58,31,0,S01,Online,0,237
04-03-2025,Oman,SKU-101,295,29,1,S10,Distributor,0,279
04-03-2025,Qatar,SKU-106,67,20,0,S19,Online,0,160
05-03-2025,UAE,SKU-100,279,28,0,S03,Online,0,213
05-03-2025,KSA,SKU-109,159,17,0,S20,Distributor,0,410
05-03-2025,India,SKU-108,113,42,0,S03,Retail,0,486
05-03-2025,KSA,SKU-108,266,31,1,S17,Distributor,0,482
05-03-2025,UAE,SKU-100,158,47,0,S12,Online,0,187
05-03-2025,India,SKU-102,233,27,0,S05,Distributor,0,379
05-03-2025,Qatar,SKU-102,69,15,1,S11,Distributor,0,501
05-03-2025,Oman,SKU-101,198,10,0,S20,Distributor,0,392
05-03-2025,Qatar,SKU-108,113,16,0,S02,Distributor,0,473
06-03-2025,UAE,SKU-109,255,37,1,S02,Distributor,0,253
06-03-2025,KSA,SKU-108,90,41,0,S09,Distributor,0,199
06-03-2025,Oman,SKU-100,185,26,0,S15,Retail,0,187
06-03-2025,UAE,SKU-108,228,44,0,S19,Online,0,437
06-03-2025,India,SKU-100,282,13,0,S18,Online,0,516
06-03-2025,Oman,SKU-107,259,11,0,S17,Distributor,0,486
06-03-2025,UAE,SKU-108,263,37,1,S13,Retail,0,173
06-03-2025,Oman,SKU-104,145,41,1,S15,Distributor,0,590
07-03-2025,Oman,SKU-100,160,17,1,S14,Online,0,509
07-03-2025,UAE,SKU-100,132,10,0,S11,Distributor,0,559
07-03-2025,UAE,SKU-109,228,31,0,S14,Retail,0,159
07-03-2025,KSA,SKU-104,219,38,0,S05,Retail,0,343
07-03-2025,Oman,SKU-101,96,49,0,S10,Retail,0,424
07-03-2025,KSA,SKU-101,233,30,0,S18,Distributor,0,140
07-03-2025,Qatar,SKU-101,287,23,0,S05,Online,0,429
07-03-2025,Qatar,SKU-105,299,40,1,S14,Online,0,255
08-03-2025,Qatar,SKU-100,202,35,0,S11,Online,0,578
08-03-2025,UAE,SKU-102,160,17,0,S04,Online,0,486
08-03-2025,UAE,SKU-103,173,33,0,S19,Distributor,0,278
08-03-2025,UAE,SKU-100,68,11,0,S05,Retail,1,558
08-03-2025,Qatar,SKU-101,54,15,0,S12,Distributor,0,561
08-03-2025,Qatar,SKU-100,294,33,1,S18,Retail,0,268
08-03-2025,Oman,SKU-108,274,41,0,S09,Online,0,415
08-03-2025,Qatar,SKU-101,114,21,0,S19,Retail,0,429
08-03-2025,KSA,SKU-109,100,19,0,S15,Online,0,122
08-03-2025,India,SKU-103,193,48,0,S06,Online,0,464
09-03-2025,KSA,SKU-105,187,46,1,S19,Retail,0,277
09-03-2025,Oman,SKU-106,78,40,1,S02,Online,0,333
09-03-2025,India,SKU-100,160,37,0,S12,Retail,1,381
09-03-2025,KSA,SKU-101,83,23,0,S05,Retail,0,372
09-03-2025,India,SKU-105,254,19,0,S18,Distributor,0,236
10-03-2025,Qatar,SKU-102,103,29,1,S13,Retail,0,522
10-03-2025,Oman,SKU-105,230,14,0,S18,Online,0,147
10-03-2025,Oman,SKU-107,59,41,0,S08,Distributor,0,492
10-03-2025,Qatar,SKU-100,200,24,0,S04,Online,0,560
10-03-2025,UAE,SKU-101,157,24,1,S09,Retail,0,597
10-03-2025,UAE,SKU-108,164,47,0,S04,Retail,0,554
10-03-2025,KSA,SKU-106,185,29,0,S03,Retail,0,396
10-03-2025,India,SKU-104,188,17,0,S11,Retail,0,446
10-03-2025,Oman,SKU-104,157,19,0,S18,Retail,0,173
10-03-2025,UAE,SKU-105,195,23,0,S01,Distributor,0,224
10-03-2025,UAE,SKU-105,192,42,1,S05,Distributor,0,551
10-03-2025,India,SKU-101,255,16,1,S19,Retail,0,179
11-03-2025,Qatar,SKU-109,51,17,1,S18,Retail,0,387
11-03-2025,India,SKU-101,133,33,0,S20,Retail,0,168
11-03-2025,India,SKU-107,117,41,0,S18,Retail,0,379
11-03-2025,Oman,SKU-104,259,31,0,S01,Distributor,0,285
11-03-2025,India,SKU-103,52,10,0,S14,Retail,0,279
11-03-2025,Oman,SKU-100,139,38,1,S09,Distributor,0,407
11-03-2025,India,SKU-104,102,12,0,S19,Online,0,455
12-03-2025,India,SKU-102,104,22,1,S15,Distributor,0,157
12-03-2025,UAE,SKU-109,259,30,1,S07,Retail,1,314
12-03-2025,India,SKU-102,224,40,0,S17,Distributor,0,215
12-03-2025,KSA,SKU-109,88,35,0,S05,Distributor,0,152
12-03-2025,KSA,SKU-109,243,38,0,S06,Online,0,336
12-03-2025,Qatar,SKU-106,130,48,0,S17,Online,0,535
13-03-2025,UAE,SKU-103,152,33,1,S05,Online,0,200
13-03-2025,Oman,SKU-108,72,45,0,S11,Retail,0,463
13-03-2025,KSA,SKU-109,101,18,1,S10,Distributor,0,499
13-03-2025,UAE,SKU-105,191,41,1,S16,Distributor,0,445
13-03-2025,India,SKU-101,244,25,0,S17,Distributor,0,398
13-03-2025,Oman,SKU-103,199,39,1,S06,Distributor,0,499
13-03-2025,Qatar,SKU-106,142,32,1,S08,Distributor,0,206
13-03-2025,UAE,SKU-107,255,14,0,S08,Online,1,487
14-03-2025,India,SKU-108,201,46,0,S04,Retail,0,247
14-03-2025,UAE,SKU-106,217,10,1,S05,Retail,0,468
14-03-2025,KSA,SKU-108,88,46,0,S18,Retail,0,419
14-03-2025,Qatar,SKU-109,91,31,0,S14,Online,1,230
14-03-2025,Qatar,SKU-102,230,48,0,S10,Distributor,0,385
14-03-2025,UAE,SKU-108,294,19,1,S15,Retail,0,162
14-03-2025,KSA,SKU-100,170,24,1,S13,Online,0,583
15-03-2025,Oman,SKU-101,272,11,0,S13,Distributor,0,305
15-03-2025,Qatar,SKU-108,133,20,0,S01,Retail,0,285
15-03-2025,KSA,SKU-104,228,26,0,S17,Retail,0,485
15-03-2025,India,SKU-103,211,28,0,S02,Online,0,467
15-03-2025,India,SKU-101,70,44,0,S10,Retail,1,419
15-03-2025,UAE,SKU-108,263,39,0,S10,Online,0,156
15-03-2025,KSA,SKU-103,62,31,0,S05,Online,0,495
15-03-2025,India,SKU-102,94,27,1,S08,Distributor,0,181
15-03-2025,KSA,SKU-109,112,48,1,S17,Online,0,101
15-03-2025,Oman,SKU-106,62,40,0,S02,Online,0,184
16-03-2025,KSA,SKU-100,115,25,0,S08,Distributor,0,585
16-03-2025,KSA,SKU-107,263,21,0,S17,Distributor,0,221
16-03-2025,UAE,SKU-107,251,41,1,S03,Distributor,0,412
16-03-2025,Oman,SKU-101,51,22,0,S17,Distributor,0,452
16-03-2025,UAE,SKU-109,128,26,0,S07,Distributor,1,593
16-03-2025,KSA,SKU-109,113,22,0,S12,Distributor,0,145
16-03-2025,India,SKU-107,282,41,1,S09,Online,0,419
16-03-2025,India,SKU-108,95,47,0,S08,Retail,0,179
16-03-2025,India,SKU-102,244,36,1,S11,Retail,0,112
16-03-2025,UAE,SKU-108,254,45,0,S15,Retail,0,186
16-03-2025,India,SKU-109,276,24,0,S14,Distributor,0,406
16-03-2025,UAE,SKU-107,121,24,1,S17,Retail,0,394
17-03-2025,KSA,SKU-109,203,27,0,S16,Distributor,0,563
17-03-2025,India,SKU-108,176,37,1,S08,Distributor,0,399
17-03-2025,Oman,SKU-105,258,34,0,S17,Retail,0,227
17-03-2025,Oman,SKU-102,68,21,0,S01,Retail,0,210
17-03-2025,UAE,SKU-105,194,23,0,S08,Online,0,216
17-03-2025,KSA,SKU-105,285,37,1,S15,Distributor,0,436
17-03-2025,Qatar,SKU-100,158,34,0,S05,Online,0,109
17-03-2025,UAE,SKU-107,213,10,1,S09,Retail,0,259
18-03-2025,Oman,SKU-101,196,41,0,S11,Online,1,358
18-03-2025,Oman,SKU-107,210,45,0,S05,Distributor,0,562
18-03-2025,UAE,SKU-104,277,41,0,S12,Distributor,0,304
18-03-2025,India,SKU-100,187,17,1,S09,Retail,0,127
18-03-2025,UAE,SKU-106,97,33,1,S06,Retail,1,384
18-03-2025,KSA,SKU-100,175,10,1,S17,Retail,0,450
18-03-2025,UAE,SKU-105,102,29,1,S06,Online,1,297
19-03-2025,Qatar,SKU-104,125,41,1,S14,Distributor,0,306
19-03-2025,Oman,SKU-103,173,29,0,S15,Online,0,313
19-03-2025,Qatar,SKU-100,86,44,1,S03,Retail,1,100
19-03-2025,KSA,SKU-100,235,24,0,S01,Distributor,0,569
19-03-2025,Oman,SKU-103,153,38,1,S12,Distributor,0,280
19-03-2025,KSA,SKU-103,92,49,0,S10,Distributor,0,381
19-03-2025,Oman,SKU-102,223,44,1,S08,Distributor,1,308
19-03-2025,UAE,SKU-106,119,30,0,S12,Distributor,0,325
20-03-2025,KSA,SKU-106,215,37,0,S03,Distributor,1,322
20-03-2025,UAE,SKU-103,198,31,0,S20,Retail,1,468
20-03-2025,India,SKU-101,235,46,0,S13,Distributor,0,517
20-03-2025,KSA,SKU-101,111,32,0,S09,Online,0,227
20-03-2025,UAE,SKU-100,207,15,0,S01,Retail,0,191
20-03-2025,Oman,SKU-105,57,36,0,S18,Online,0,550
21-03-2025,Qatar,SKU-104,151,35,0,S07,Online,0,211
21-03-2025,Qatar,SKU-101,240,30,0,S14,Retail,0,437
21-03-2025,Qatar,SKU-105,133,34,0,S09,Online,0,389
21-03-2025,Qatar,SKU-106,279,28,1,S16,Distributor,0,286
21-03-2025,KSA,SKU-104,243,26,1,S19,Retail,1,369
21-03-2025,India,SKU-103,60,42,0,S02,Retail,1,455
21-03-2025,Qatar,SKU-101,141,16,1,S08,Distributor,0,155
21-03-2025,UAE,SKU-102,149,11,1,S19,Retail,0,181
22-03-2025,KSA,SKU-107,73,41,1,S13,Retail,0,550
22-03-2025,UAE,SKU-101,213,47,0,S06,Retail,0,115
22-03-2025,Oman,SKU-106,103,16,0,S13,Retail,0,241
22-03-2025,UAE,SKU-104,96,35,0,S18,Online,0,380
22-03-2025,KSA,SKU-103,260,36,1,S10,Online,0,472
22-03-2025,UAE,SKU-104,184,43,0,S20,Distributor,0,212
22-03-2025,KSA,SKU-108,257,26,1,S06,Online,0,543
23-03-2025,KSA,SKU-100,209,29,0,S14,Distributor,0,272
23-03-2025,Qatar,SKU-101,131,21,0,S08,Online,0,189
23-03-2025,KSA,SKU-104,212,26,0,S10,Online,0,193
23-03-2025,Qatar,SKU-100,277,29,0,S10,Distributor,0,579
23-03-2025,KSA,SKU-103,265,29,0,S20,Retail,0,320
23-03-2025,Oman,SKU-103,186,20,0,S15,Retail,0,346
23-03-2025,UAE,SKU-101,114,22,0,S11,Distributor,0,568
24-03-2025,Qatar,SKU-107,260,30,0,S07,Distributor,0,578
24-03-2025,UAE,SKU-107,83,35,0,S06,Distributor,0,440
24-03-2025,Oman,SKU-101,252,29,0,S03,Distributor,0,511
24-03-2025,Qatar,SKU-104,185,45,1,S17,Retail,0,180
25-03-2025,Qatar,SKU-109,128,22,0,S07,Retail,0,374
25-03-2025,India,SKU-109,98,38,1,S10,Retail,0,406
25-03-2025,UAE,SKU-107,156,13,0,S14,Online,0,263
25-03-2025,Oman,SKU-108,157,37,1,S07,Distributor,0,109
25-03-2025,KSA,SKU-106,184,13,0,S20,Distributor,1,489
25-03-2025,India,SKU-103,275,14,0,S14,Online,0,214
25-03-2025,Oman,SKU-104,192,18,1,S04,Online,0,126
25-03-2025,Oman,SKU-102,57,20,0,S04,Distributor,0,289
26-03-2025,KSA,SKU-107,189,39,0,S16,Distributor,0,591
26-03-2025,KSA,SKU-104,156,36,1,S19,Online,0,349
26-03-2025,Oman,SKU-103,285,48,0,S08,Retail,1,563
26-03-2025,India,SKU-106,267,49,0,S16,Online,0,399
26-03-2025,Oman,SKU-100,299,22,0,S20,Distributor,0,356
26-03-2025,Qatar,SKU-102,252,14,1,S17,Online,0,312
26-03-2025,KSA,SKU-109,53,35,0,S18,Retail,1,160
26-03-2025,KSA,SKU-105,151,16,0,S08,Retail,0,346
27-03-2025,India,SKU-108,267,26,1,S17,Online,0,341
27-03-2025,Oman,SKU-103,100,26,0,S04,Online,1,230
27-03-2025,Oman,SKU-105,106,46,0,S17,Retail,0,220
27-03-2025,Oman,SKU-104,251,15,0,S07,Online,1,188
27-03-2025,KSA,SKU-108,224,39,0,S08,Retail,0,195
27-03-2025,UAE,SKU-109,95,36,0,S18,Distributor,0,502
27-03-2025,Qatar,SKU-100,95,46,1,S13,Distributor,1,541
27-03-2025,India,SKU-103,153,31,0,S05,Distributor,0,141
27-03-2025,KSA,SKU-104,70,19,1,S19,Distributor,0,595
27-03-2025,Qatar,SKU-101,209,34,1,S20,Distributor,1,538
27-03-2025,Qatar,SKU-108,241,14,0,S20,Online,0,527
27-03-2025,Qatar,SKU-102,169,27,1,S04,Online,0,249
27-03-2025,Oman,SKU-105,268,22,0,S02,Retail,0,331
27-03-2025,KSA,SKU-104,174,48,0,S11,Online,0,412
27-03-2025,India,SKU-105,190,42,0,S12,Retail,0,173
28-03-2025,Qatar,SKU-100,102,20,0,S16,Online,0,510
28-03-2025,India,SKU-108,151,38,1,S02,Retail,0,326
28-03-2025,UAE,SKU-101,296,32,0,S12,Online,0,431
28-03-2025,Qatar,SKU-105,268,16,0,S16,Distributor,0,571
28-03-2025,KSA,SKU-105,222,45,0,S19,Distributor,0,445
28-03-2025,Qatar,SKU-108,253,24,0,S13,Distributor,0,275
28-03-2025,KSA,SKU-101,135,19,0,S13,Distributor,0,428
28-03-2025,KSA,SKU-101,217,46,0,S13,Online,0,462
28-03-2025,UAE,SKU-104,91,43,1,S04,Retail,0,486
28-03-2025,UAE,SKU-105,257,32,0,S07,Online,0,221
29-03-2025,India,SKU-107,226,16,0,S01,Online,0,416
29-03-2025,Oman,SKU-104,167,23,0,S09,Distributor,0,457
29-03-2025,KSA,SKU-107,236,37,0,S11,Distributor,0,151
29-03-2025,India,SKU-109,190,39,0,S16,Online,0,306
29-03-2025,Oman,SKU-104,166,20,1,S10,Online,0,484
29-03-2025,KSA,SKU-101,221,19,0,S04,Retail,1,433
29-03-2025,UAE,SKU-106,110,49,0,S16,Distributor,0,427
29-03-2025,KSA,SKU-109,267,36,1,S12,Retail,0,167
29-03-2025,Oman,SKU-102,57,19,0,S12,Online,0,150
30-03-2025,KSA,SKU-108,270,47,0,S19,Retail,0,516
30-03-2025,India,SKU-102,297,13,0,S07,Online,1,317
30-03-2025,Qatar,SKU-106,117,12,0,S15,Retail,0,504
30-03-2025,UAE,SKU-106,202,37,1,S08,Online,0,454
30-03-2025,Oman,SKU-103,238,46,1,S05,Retail,0,257
30-03-2025,Oman,SKU-103,154,31,0,S13,Distributor,0,498
30-03-2025,UAE,SKU-104,76,24,0,S13,Distributor,0,162
30-03-2025,KSA,SKU-108,222,22,0,S01,Online,0,313
30-03-2025,Oman,SKU-100,257,26,0,S10,Online,0,516
30-03-2025,UAE,SKU-103,150,26,0,S02,Distributor,1,177
30-03-2025,Oman,SKU-101,112,28,0,S15,Online,0,318
30-03-2025,UAE,SKU-107,109,49,0,S12,Online,0,419
30-03-2025,Oman,SKU-105,114,28,0,S04,Online,0,575
30-03-2025,KSA,SKU-109,86,42,1,S10,Online,0,313
31-03-2025,Qatar,SKU-107,253,40,0,S01,Distributor,0,592
31-03-2025,Qatar,SKU-106,70,41,1,S08,Retail,1,544
31-03-2025,UAE,SKU-108,90,30,0,S17,Retail,0,458
31-03-2025,India,SKU-103,145,43,0,S17,Distributor,0,504
31-03-2025,UAE,SKU-107,194,12,0,S07,Distributor,0,339
31-03-2025,India,SKU-101,61,17,0,S19,Online,0,393
31-03-2025,UAE,SKU-106,224,46,1,S18,Online,0,543
31-03-2025,KSA,SKU-109,163,21,0,S12,Retail,0,503
31-03-2025,KSA,SKU-108,136,39,0,S01,Retail,0,206
31-03-2025,UAE,SKU-100,265,17,1,S17,Distributor,1,300
31-03-2025,Qatar,SKU-106,244,11,0,S12,Retail,0,111
31-03-2025,Oman,SKU-103,134,10,0,S15,Online,0,510
31-03-2025,Qatar,SKU-104,119,31,0,S16,Distributor,1,159
31-03-2025,Qatar,SKU-100,54,20,0,S08,Retail,0,317
31-03-2025,India,SKU-102,84,36,1,S06,Online,1,146
31-03-2025,Qatar,SKU-103,156,20,0,S08,Online,0,164
31-03-2025,UAE,SKU-106,69,13,0,S06,Retail,0,533
31-03-2025,Qatar,SKU-105,298,41,0,S03,Retail,0,567
31-03-2025,Qatar,SKU-108,220,31,0,S17,Distributor,0,149
31-03-2025,KSA,SKU-105,180,41,0,S20,Online,0,361
01-04-2025,Qatar,SKU-102,56,27,0,S05,Retail,1,548
01-04-2025,UAE,SKU-104,162,40,1,S18,Retail,0,519
01-04-2025,Qatar,SKU-103,230,20,0,S12,Retail,0,265
01-04-2025,Oman,SKU-102,53,44,1,S06,Retail,0,315
01-04-2025,Oman,SKU-107,162,35,0,S14,Online,0,251
02-04-2025,Oman,SKU-102,249,44,0,S07,Distributor,1,255
02-04-2025,India,SKU-109,186,32,0,S10,Online,0,413
02-04-2025,Oman,SKU-107,134,14,0,S10,Online,0,263
02-04-2025,Qatar,SKU-104,118,22,1,S05,Online,0,367
02-04-2025,India,SKU-105,94,22,0,S07,Retail,0,188
02-04-2025,Qatar,SKU-102,87,47,0,S05,Distributor,0,573
02-04-2025,Qatar,SKU-104,171,25,0,S06,Retail,0,496
02-04-2025,UAE,SKU-109,172,31,0,S17,Online,0,130
02-04-2025,Qatar,SKU-104,289,12,0,S02,Retail,0,477
02-04-2025,India,SKU-103,263,40,0,S03,Distributor,0,499
02-04-2025,UAE,SKU-100,288,32,0,S10,Online,0,161
02-04-2025,UAE,SKU-103,162,33,1,S09,Online,0,573
02-04-2025,India,SKU-108,66,11,0,S16,Retail,0,163
02-04-2025,India,SKU-101,61,29,0,S17,Online,0,204
02-04-2025,Qatar,SKU-103,224,29,1,S16,Online,0,367
02-04-2025,KSA,SKU-100,256,29,0,S09,Retail,0,291
02-04-2025,UAE,SKU-107,210,36,0,S09,Online,0,207
02-04-2025,India,SKU-105,232,34,1,S02,Online,0,205
02-04-2025,Oman,SKU-107,249,26,0,S02,Distributor,0,412
03-04-2025,UAE,SKU-103,78,43,0,S05,Distributor,0,464
03-04-2025,UAE,SKU-105,247,45,0,S15,Online,1,579
03-04-2025,UAE,SKU-101,66,31,0,S01,Distributor,0,469
03-04-2025,UAE,SKU-106,116,11,0,S02,Retail,0,385
03-04-2025,KSA,SKU-107,269,18,0,S14,Online,0,599
03-04-2025,UAE,SKU-106,210,35,1,S10,Distributor,0,350
03-04-2025,India,SKU-101,70,27,0,S10,Retail,0,108
03-04-2025,Oman,SKU-105,227,19,0,S14,Distributor,0,237
03-04-2025,Oman,SKU-105,65,31,0,S20,Online,0,460
03-04-2025,Oman,SKU-100,124,19,0,S13,Distributor,0,379
03-04-2025,Oman,SKU-106,71,25,0,S02,Retail,0,230
04-04-2025,Oman,SKU-109,203,45,0,S02,Online,1,147
04-04-2025,Oman,SKU-104,282,28,1,S13,Online,0,408
04-04-2025,UAE,SKU-109,210,33,0,S12,Online,0,137
04-04-2025,KSA,SKU-100,66,20,0,S02,Retail,0,309
04-04-2025,UAE,SKU-101,176,12,0,S17,Retail,0,370
04-04-2025,India,SKU-101,80,28,0,S15,Distributor,0,250
04-04-2025,India,SKU-107,149,29,1,S13,Retail,0,332
04-04-2025,India,SKU-104,277,38,0,S11,Distributor,0,103
05-04-2025,Oman,SKU-101,110,37,1,S10,Online,0,592
05-04-2025,Oman,SKU-102,195,25,0,S17,Online,1,445
05-04-2025,India,SKU-103,224,44,0,S03,Distributor,0,519
05-04-2025,Qatar,SKU-104,53,37,1,S01,Distributor,0,322
05-04-2025,India,SKU-107,73,39,0,S14,Online,1,145
05-04-2025,Oman,SKU-107,108,44,0,S18,Distributor,0,395
05-04-2025,Oman,SKU-104,241,47,1,S02,Online,0,456
05-04-2025,KSA,SKU-103,72,48,0,S12,Distributor,0,416
05-04-2025,KSA,SKU-105,60,12,0,S15,Retail,0,274
05-04-2025,Oman,SKU-108,141,17,0,S02,Retail,0,445
06-04-2025,India,SKU-109,162,43,1,S11,Online,0,300
06-04-2025,Qatar,SKU-106,258,30,0,S13,Retail,0,156
06-04-2025,KSA,SKU-104,290,21,0,S16,Distributor,0,575
06-04-2025,India,SKU-109,68,41,0,S02,Retail,0,325
06-04-2025,Oman,SKU-103,188,13,0,S03,Retail,1,475
06-04-2025,Qatar,SKU-104,137,43,0,S02,Retail,0,418
06-04-2025,India,SKU-100,51,32,1,S17,Retail,0,387
06-04-2025,India,SKU-102,98,13,0,S12,Distributor,0,353
06-04-2025,India,SKU-109,194,14,0,S12,Online,0,535
06-04-2025,India,SKU-104,180,20,0,S19,Online,0,176
06-04-2025,India,SKU-106,133,34,0,S18,Online,0,565
06-04-2025,India,SKU-104,264,49,0,S01,Distributor,0,208
06-04-2025,Qatar,SKU-103,60,28,0,S14,Distributor,0,297
07-04-2025,India,SKU-105,202,32,0,S04,Online,0,492
07-04-2025,Qatar,SKU-102,162,48,1,S16,Online,0,339
07-04-2025,Oman,SKU-102,118,22,0,S15,Distributor,0,295
07-04-2025,Qatar,SKU-103,162,36,0,S13,Online,0,426
07-04-2025,UAE,SKU-100,170,30,0,S20,Distributor,1,376
07-04-2025,UAE,SKU-104,285,34,0,S04,Distributor,0,377
07-04-2025,Qatar,SKU-105,158,12,0,S20,Online,1,218
07-04-2025,Oman,SKU-100,240,19,1,S10,Online,1,321
07-04-2025,Oman,SKU-106,223,35,0,S15,Online,0,386
08-04-2025,India,SKU-104,211,41,0,S05,Online,0,594
08-04-2025,Qatar,SKU-100,52,30,0,S13,Distributor,0,246
08-04-2025,Qatar,SKU-106,136,34,1,S20,Online,0,366
08-04-2025,Oman,SKU-101,136,30,0,S09,Online,1,255
08-04-2025,Oman,SKU-106,175,14,0,S01,Retail,0,281
08-04-2025,India,SKU-104,72,42,0,S11,Distributor,0,215
08-04-2025,UAE,SKU-105,191,19,1,S06,Retail,0,368
09-04-2025,Oman,SKU-104,85,24,0,S10,Retail,0,160
09-04-2025,India,SKU-106,274,46,0,S18,Online,0,272
09-04-2025,Qatar,SKU-102,177,22,0,S18,Retail,0,234
09-04-2025,Qatar,SKU-109,92,27,0,S15,Distributor,0,110
09-04-2025,UAE,SKU-106,79,39,1,S19,Retail,0,224
09-04-2025,KSA,SKU-103,264,31,0,S07,Retail,0,277
09-04-2025,India,SKU-105,202,24,0,S14,Distributor,0,343
09-04-2025,KSA,SKU-109,168,13,0,S01,Retail,0,222
09-04-2025,Oman,SKU-108,82,41,1,S06,Distributor,0,535
09-04-2025,Oman,SKU-108,90,44,0,S12,Distributor,1,248
09-04-2025,UAE,SKU-108,72,21,0,S02,Distributor,0,221
09-04-2025,India,SKU-104,169,38,0,S07,Retail,0,276
09-04-2025,KSA,SKU-109,279,44,0,S20,Distributor,0,293
09-04-2025,KSA,SKU-109,66,36,1,S03,Retail,0,348
09-04-2025,Oman,SKU-107,271,42,0,S12,Distributor,1,473
09-04-2025,Oman,SKU-101,224,15,0,S04,Retail,0,447
09-04-2025,India,SKU-103,262,47,1,S03,Online,0,150
09-04-2025,KSA,SKU-105,203,14,0,S10,Retail,0,298
10-04-2025,Oman,SKU-107,124,48,1,S06,Retail,0,572
10-04-2025,KSA,SKU-100,127,31,0,S03,Retail,0,308
10-04-2025,Oman,SKU-100,221,32,1,S18,Distributor,0,571
10-04-2025,UAE,SKU-109,170,45,1,S14,Online,1,153
10-04-2025,UAE,SKU-104,151,31,0,S14,Retail,0,338
10-04-2025,Qatar,SKU-108,192,10,0,S14,Distributor,0,158
10-04-2025,UAE,SKU-106,104,11,1,S11,Online,0,593
10-04-2025,Oman,SKU-106,177,10,0,S18,Retail,0,111
10-04-2025,UAE,SKU-108,201,17,1,S18,Distributor,0,589
,,,,,,,,,
,,,,,,,,,
,,,,,,,,,
,,,,,,,,,
,,,,,,,,,
,,,,,,,,,
,,,,,,,,,
,,,,,,,,,
,,,,,,,,,
